department,score
Computers,62.26517571884984
Health,56.20940170940171
Books,52.50955414012739
Toys,51.75255623721881
Home,50.58095238095238
Kids,49.4609756097561
Music,48.60443037974684
Shoes,48.01060070671378
Clothing,47.97597597597598
Industrial,47.71217105263158
