department,score
Automotive,46.97014925373134
Garden,46.76190476190476
Grocery,46.01683501683502
Baby,45.93766937669377
Movies,45.58474576271186
Tools,45.56590909090909
Jewelry,43.505464480874316
Sports,42.83111954459203
Outdoors,40.0857908847185
Games,31.631399317406142
